-- MySQL dump 10.13  Distrib 8.2.0, for macos14.0 (arm64)
--
-- Host: localhost    Database: JobPortal
-- ------------------------------------------------------
-- Server version	8.2.0

/*!40101 SET @OLD_CHARACTER_SET_CLIENT=@@CHARACTER_SET_CLIENT */;
/*!40101 SET @OLD_CHARACTER_SET_RESULTS=@@CHARACTER_SET_RESULTS */;
/*!40101 SET @OLD_COLLATION_CONNECTION=@@COLLATION_CONNECTION */;
/*!50503 SET NAMES utf8mb4 */;
/*!40103 SET @OLD_TIME_ZONE=@@TIME_ZONE */;
/*!40103 SET TIME_ZONE='+00:00' */;
/*!40014 SET @OLD_UNIQUE_CHECKS=@@UNIQUE_CHECKS, UNIQUE_CHECKS=0 */;
/*!40014 SET @OLD_FOREIGN_KEY_CHECKS=@@FOREIGN_KEY_CHECKS, FOREIGN_KEY_CHECKS=0 */;
/*!40101 SET @OLD_SQL_MODE=@@SQL_MODE, SQL_MODE='NO_AUTO_VALUE_ON_ZERO' */;
/*!40111 SET @OLD_SQL_NOTES=@@SQL_NOTES, SQL_NOTES=0 */;

--
-- Table structure for table `ApplicationsLog`
--

DROP TABLE IF EXISTS `ApplicationsLog`;
/*!40101 SET @saved_cs_client     = @@character_set_client */;
/*!50503 SET character_set_client = utf8mb4 */;
CREATE TABLE `ApplicationsLog` (
  `ApplicationID` bigint NOT NULL AUTO_INCREMENT,
  `AppJobID` bigint DEFAULT NULL,
  `AppCandID` varchar(255) DEFAULT NULL,
  `AppStatus` varchar(55) DEFAULT NULL,
  PRIMARY KEY (`ApplicationID`),
  KEY `FkJobID` (`AppJobID`),
  KEY `FkCandID` (`AppCandID`),
  CONSTRAINT `FkJobID` FOREIGN KEY (`AppJobID`) REFERENCES `JOBS` (`JobID`),
  CONSTRAINT `StatusCheck` CHECK ((`AppStatus` in (_utf8mb4'Hired',_utf8mb4'Rejected',_utf8mb4'In Progress')))
) ENGINE=InnoDB AUTO_INCREMENT=59 DEFAULT CHARSET=utf8mb4 COLLATE=utf8mb4_0900_ai_ci;
/*!40101 SET character_set_client = @saved_cs_client */;

--
-- Dumping data for table `ApplicationsLog`
--

LOCK TABLES `ApplicationsLog` WRITE;
/*!40000 ALTER TABLE `ApplicationsLog` DISABLE KEYS */;
INSERT INTO `ApplicationsLog` VALUES (1,1002,'mourya','Hired'),(2,1007,'mourya','In Progress'),(3,1008,'mourya','In Progress'),(4,1001,'mourya','Hired'),(5,1005,'mourya','In Progress'),(6,1006,'mourya','Hired'),(7,1007,'mourya','Hired'),(8,1009,'mourya','In Progress'),(9,1002,'mourya','Hired'),(10,1002,'mourya','Hired'),(11,1008,'mourya','In Progress'),(12,1005,'manthan','In Progress'),(13,1007,'manthan','In Progress'),(15,1001,'pratamesh','In Progress'),(16,1001,'pratamesh','In Progress'),(17,1001,'pratamesh','In Progress'),(18,1002,'pratamesh','In Progress'),(19,1005,'pratamesh','In Progress'),(20,1006,'pratamesh','In Progress'),(21,1001,'pratamesh','In Progress'),(22,1002,'pratamesh','In Progress'),(23,1003,'pratamesh','In Progress'),(24,1002,'sai123','In Progress'),(25,1004,'sai123','In Progress'),(26,1002,'sai123','In Progress'),(27,1006,'sai123','In Progress'),(28,1001,'niyo123','In Progress'),(29,1004,'niyo123','In Progress'),(30,1006,'niyo123','In Progress'),(31,1002,'niyo123','In Progress'),(32,1008,'niyo123','In Progress'),(33,1004,'akhil','In Progress'),(34,1001,'akhil','In Progress'),(35,1008,'akhil','In Progress'),(36,1007,'akhil','In Progress'),(39,1008,'kaashyap','In Progress'),(40,1006,'kaashyap','In Progress'),(41,1002,'kaashyap','In Progress'),(42,1005,'kaashyap','In Progress'),(52,1009,'VIKYATH','In Progress'),(53,1008,'VIKYATH','In Progress'),(54,1008,'kaashyap','In Progress'),(55,1008,'kaashyap','In Progress'),(56,1008,'kaashyap','In Progress'),(57,1001,'saiteja','In Progress'),(58,1004,'saiteja','In Progress');
/*!40000 ALTER TABLE `ApplicationsLog` ENABLE KEYS */;
UNLOCK TABLES;

--
-- Table structure for table `Candidates`
--

DROP TABLE IF EXISTS `Candidates`;
/*!40101 SET @saved_cs_client     = @@character_set_client */;
/*!50503 SET character_set_client = utf8mb4 */;
CREATE TABLE `Candidates` (
  `CandidateID` varchar(255) NOT NULL,
  `CandName` varchar(30) DEFAULT NULL,
  `CandAge` int DEFAULT NULL,
  `CandGender` varchar(10) DEFAULT NULL,
  `CandPronouns` varchar(10) DEFAULT NULL,
  `CandQual` varchar(255) DEFAULT NULL,
  `CandTotalExp` int DEFAULT NULL,
  `CandPhone` bigint DEFAULT NULL,
  `CandEmail` varchar(50) DEFAULT NULL,
  `CandPrevRoleID` int DEFAULT NULL,
  `CandAddress` varchar(255) DEFAULT NULL,
  `CandCity` varchar(50) DEFAULT NULL,
  `CandState` varchar(50) DEFAULT NULL,
  `CandCountry` varchar(50) DEFAULT NULL,
  `CandZip` int DEFAULT NULL,
  PRIMARY KEY (`CandidateID`),
  UNIQUE KEY `CandPhone` (`CandPhone`),
  UNIQUE KEY `CandEmail` (`CandEmail`),
  KEY `FK_Role` (`CandPrevRoleID`),
  CONSTRAINT `FK_Role` FOREIGN KEY (`CandPrevRoleID`) REFERENCES `jobroles` (`JobRoleID`),
  CONSTRAINT `AgeCheck` CHECK (((`CandAge` >= 16) and (`CandAge` <= 100))),
  CONSTRAINT `ExpCheck` CHECK ((`CandTotalExp` <= `CandAge`)),
  CONSTRAINT `GenderCheck` CHECK ((`CandGender` in (_utf8mb4'Male',_utf8mb4'Female',_utf8mb4'Non-Binary')))
) ENGINE=InnoDB DEFAULT CHARSET=utf8mb4 COLLATE=utf8mb4_0900_ai_ci;
/*!40101 SET character_set_client = @saved_cs_client */;

--
-- Dumping data for table `Candidates`
--

LOCK TABLES `Candidates` WRITE;
/*!40000 ALTER TABLE `Candidates` DISABLE KEYS */;
INSERT INTO `Candidates` VALUES ('1','Alex Smith',28,'Male','He/Him','B.Sc Computer Science',6,1234567890,'alex.smith@email.com',5,'123 Baker Street','Springfield','Illinois','USA',62701),('10','Dana Lee',25,'Female','She/Her','B.A. in Psychology',3,1234567899,'dana.lee@email.com',10,'7070 Elm Street','Los Angeles','California','USA',90001),('11','Jordan Nguyen',39,'Male','He/Him','Ph.D. in Physics',17,1234567800,'jordan.nguyen@email.com',11,'8080 Maple Drive','Houston','Texas','USA',77001),('12','Riley Brown',22,'Non-Binary','They/Them','B.Sc. in Environmental Science',1,1234567801,'riley.brown@email.com',12,'9090 Birch Place','Philadelphia','Pennsylvania','USA',19101),('13','Pat Morgan',40,'Male','He/Him','B.A. in Business Administration',18,1234567802,'pat.morgan@email.com',13,'10101 Cedar Way','Dallas','Texas','USA',75201),('14','Taylor Rodriguez',37,'Female','She/Her','M.Sc. in Chemistry',15,1234567803,'taylor.rodriguez@email.com',14,'1111 Pine Road','San Jose','California','USA',95101),('15','Jordan Kim',24,'Non-Binary','They/Them','B.Tech in Computer Science',2,1234567804,'jordan.kim@email.com',15,'1212 Oak Street','Phoenix','Arizona','USA',85001),('16','Alex Hernandez',35,'Male','He/Him','MBA in Marketing',12,1234567805,'alex.hernandez@email.com',16,'1313 Birch Avenue','San Antonio','Texas','USA',78201),('17','Sam Johnson',30,'Female','She/Her','Ph.D. in English Literature',8,1234567806,'sam.johnson@email.com',17,'1414 Maple Drive','San Diego','California','USA',92101),('18','Riley Martinez',26,'Non-Binary','They/Them','B.Sc. in Biology',4,1234567807,'riley.martinez@email.com',18,'1515 Elm Street','Dallas','Texas','USA',75201),('19','Jamie Lee',29,'Male','He/Him','M.A. in History',5,1234567808,'jamie.lee@email.com',19,'1616 Cedar Road','Austin','Texas','USA',73301),('2','Maria Garcia',32,'Female','She/Her','MBA',8,1234567891,'maria.garcia@email.com',3,'456 Oak Road','Austin','Texas','USA',73301),('20','Taylor Garcia',34,'Female','She/Her','B.A. in Sociology',10,1234567809,'taylor.garcia@email.com',20,'1717 Oak Lane','Jacksonville','Florida','USA',32099),('21','Robin Williams',38,'Non-Binary','They/Them','M.Sc. in Environmental Science',16,1234567810,'robin.williams@email.com',21,'1818 Birch Avenue','San Francisco','California','USA',94101),('22','Casey Jones',27,'Female','She/Her','B.A. in Political Science',5,1234567811,'casey.jones@email.com',22,'1919 Maple Drive','Columbus','Ohio','USA',43085),('23','Jamie Smith',41,'Male','He/Him','Ph.D. in Computer Science',19,1234567812,'jamie.smith@email.com',23,'2020 Elm Street','Indianapolis','Indiana','USA',46201),('24','Alex Thompson',36,'Non-Binary','They/Them','MBA in Finance',14,1234567813,'alex.thompson@email.com',24,'2121 Cedar Road','Fort Worth','Texas','USA',76102),('25','Jordan Brown',32,'Female','She/Her','M.Sc. in Chemistry',10,1234567814,'jordan.brown@email.com',25,'2222 Pine Lane','Charlotte','North Carolina','USA',28202),('26','Morgan Wright',37,'Male','He/Him','B.A. in History',15,1234567815,'morgan12.wright@email.com',26,'2626 Oak Street','El Paso','Texas','USA',79901),('27','Casey Turner',28,'Female','She/Her','MBA in Finance',6,1234567816,'casey.turner123@email.com',27,'2727 Maple Drive','Boston','Massachusetts','USA',2101),('3','Jordan Lee',26,'Non-Binary','They/Them','B.A. Marketing',4,1234567892,'jordan.lee@email.com',7,'789 Pine Avenue','Denver','Colorado','USA',80203),('35','Alexis Martin',45,'Female','She/Her','B.A. in Sociology',20,1234567824,'alexis.12martin@email.com',35,'3535 Elm Street','Milwaukee','Wisconsin','USA',53201),('37','Taylor Garcia',34,'Male','He/Him','M.Sc. in Chemistry',10,1234567826,'taylor.garcia1@email.com',37,'3737 Maple Drive','Tucson','Arizona','USA',85701),('38','Robin Williams',27,'Female','She/Her','M.A. in English Literature',3,1234567827,'robin.williams1@email.com',38,'3838 Birch Avenue','Fresno','California','USA',93701),('39','Casey Jones',40,'Male','He/Him','Ph.D. in Physics',18,1234567828,'casey.jones1@email.com',39,'3939 Cedar Road','Sacramento','California','USA',95801),('4','Jamie Patel',30,'Female','She/Her','M.Sc. Physics',5,1234567893,'jamie.patel@email.com',2,'1010 Willow Lane','Seattle','Washington','USA',98101),('40','Jamie Lee',36,'Non-Binary','They/Them','B.A. in Political Science',12,1234567829,'jamie.lee1@email.com',40,'4040 Elm Street','Long Beach','California','USA',90801),('41','Morgan Green',35,'Female','She/Her','M.Sc. in Environmental Science',13,1234567830,'morgan.green1@email.com',41,'4141 Oak Lane','Mesa','Arizona','USA',85201),('42','Casey Martinez',31,'Male','He/Him','B.A. in Business Administration',7,1234567831,'casey.martinez1@email.com',42,'4242 Maple Drive','Virginia Beach','Virginia','USA',23451),('43','Alexis Smith',29,'Non-Binary','They/Them','Ph.D. in Computer Science',5,1234567832,'alexis.smith1@email.com',43,'4343 Birch Avenue','Atlanta','Georgia','USA',30301),('44','Jamie Hernandez',27,'Female','She/Her','MBA in Marketing',3,1234567833,'jamie.hernandez1@email.com',44,'4444 Cedar Road','Colorado Springs','Colorado','USA',80901),('45','Taylor Johnson',38,'Male','He/Him','B.Tech in Mechanical Engineering',16,1234567834,'taylor.johnson1@email.com',45,'4545 Elm Street','Omaha','Nebraska','USA',68101),('46','Pat Lee',33,'Non-Binary','They/Them','M.A. in English Literature',11,1234567835,'pat.lee1@email.com',46,'4646 Oak Street','Raleigh','North Carolina','USA',27601),('47','Sam Martin',26,'Female','She/Her','B.Sc. in Biology',4,1234567836,'sam.martin1@email.com',47,'4747 Maple Drive','Miami','Florida','USA',33101),('48','Jordan Kim',40,'Male','He/Him','Ph.D. in Physics',18,1234567837,'jordan.kim1@email.com',48,'4848 Birch Avenue','Oakland','California','USA',94601),('5','Chris Johnson',35,'Male','He/Him','Ph.D. in Biology',10,1234567894,'chris.johnson@email.com',1,'2020 Maple Street','Boston','Massachusetts','USA',2101),('50','mourya',34,'Non-Binary',NULL,NULL,9,NULL,NULL,NULL,NULL,NULL,NULL,NULL,NULL),('51','sumanth',33,'Male',NULL,NULL,9,NULL,NULL,NULL,NULL,NULL,NULL,NULL,NULL),('52','Manthan Singh',45,'Non-Binary',NULL,NULL,20,NULL,NULL,NULL,NULL,NULL,NULL,NULL,NULL),('6','Taylor Kim',29,'Non-Binary','They/Them','B.A. Graphic Design',7,1234567895,'taylor.kim@email.com',4,'3030 Birch Avenue','San Francisco','California','USA',94101),('7','Morgan Wright',27,'Female','She/Her','MBA in Finance',5,1234567896,'morgan.wright@email.com',8,'4040 Cedar Road','Miami','Florida','USA',33101),('8','Casey Turner',33,'Male','He/Him','B.Tech in Mechanical Engineering',11,1234567897,'casey.turner@email.com',6,'5050 Oak Street','Chicago','Illinois','USA',60601),('9','Alexis Martin',31,'Non-Binary','They/Them','M.A. in English Literature',7,1234567898,'alexis.martin@email.com',9,'6060 Pine Lane','New York','New York','USA',10001),('akhil','akhil bhaisaab',34,NULL,NULL,NULL,2,NULL,NULL,NULL,NULL,NULL,NULL,NULL,NULL),('bhargav','Bhargav reddy',24,NULL,NULL,NULL,3,8800434876,NULL,NULL,NULL,NULL,NULL,NULL,NULL),('kaashyap','Kaashyap madabushi',25,NULL,NULL,NULL,3,8800434391,NULL,NULL,NULL,NULL,NULL,NULL,NULL),('niyo123','niyonika c',34,NULL,NULL,NULL,6,NULL,NULL,NULL,NULL,NULL,NULL,NULL,NULL),('pratamesh','Manthan Singh',45,NULL,NULL,NULL,20,NULL,NULL,NULL,NULL,NULL,NULL,NULL,NULL),('sai123','Sai Teja',45,NULL,NULL,NULL,34,NULL,NULL,NULL,NULL,NULL,NULL,NULL,NULL),('ugma','Ugma Vemula',22,NULL,NULL,NULL,2,8800434399,NULL,NULL,NULL,NULL,NULL,NULL,NULL),('Vikyath','vikayth reddy',23,NULL,NULL,NULL,10,8800434311,NULL,NULL,NULL,NULL,NULL,NULL,NULL),('vinay','Vinay Kumar',22,NULL,NULL,NULL,0,8800434123,NULL,NULL,NULL,NULL,NULL,NULL,NULL);
/*!40000 ALTER TABLE `Candidates` ENABLE KEYS */;
UNLOCK TABLES;

--
-- Table structure for table `candidateskills`
--

DROP TABLE IF EXISTS `candidateskills`;
/*!40101 SET @saved_cs_client     = @@character_set_client */;
/*!50503 SET character_set_client = utf8mb4 */;
CREATE TABLE `candidateskills` (
  `CandSkillID` int NOT NULL AUTO_INCREMENT,
  `CandSkillCandidateID` varchar(50) DEFAULT NULL,
  `CandSkillSkillID` int DEFAULT NULL,
  PRIMARY KEY (`CandSkillID`)
) ENGINE=InnoDB AUTO_INCREMENT=3611 DEFAULT CHARSET=utf8mb4 COLLATE=utf8mb4_0900_ai_ci;
/*!40101 SET character_set_client = @saved_cs_client */;

--
-- Dumping data for table `candidateskills`
--

LOCK TABLES `candidateskills` WRITE;
/*!40000 ALTER TABLE `candidateskills` DISABLE KEYS */;
INSERT INTO `candidateskills` VALUES (1,'1',169),(2,'1',168),(3,'1',170),(4,'2',130),(5,'2',131),(6,'2',138),(7,'3',66),(8,'3',61),(9,'3',75),(10,'4',213),(11,'4',211),(12,'4',216),(13,'5',234),(14,'5',232),(15,'5',228),(16,'6',170),(17,'6',166),(18,'6',171),(19,'7',247),(20,'7',240),(21,'7',56),(22,'8',190),(23,'8',185),(24,'8',188),(25,'9',70),(26,'9',62),(27,'9',74),(28,'10',21),(29,'10',12),(30,'10',29),(31,'11',164),(32,'11',165),(33,'11',160),(34,'12',114),(35,'12',113),(36,'12',112),(37,'13',254),(38,'13',242),(39,'13',248),(40,'14',137),(41,'14',134),(42,'14',135),(43,'15',168),(44,'15',169),(45,'15',167),(46,'16',92),(47,'16',84),(48,'16',85),(49,'17',89),(50,'17',83),(51,'17',87),(52,'18',125),(53,'18',127),(54,'18',126),(55,'19',168),(56,'19',170),(57,'19',172),(58,'20',98),(59,'20',102),(60,'20',100),(61,'21',143),(62,'21',140),(63,'21',147),(64,'22',96),(65,'22',89),(66,'22',84),(67,'23',184),(68,'23',188),(69,'23',181),(70,'24',115),(71,'24',111),(72,'24',108),(73,'25',224),(74,'25',225),(75,'25',223),(76,'26',105),(77,'26',102),(78,'26',101),(79,'27',89),(80,'27',88),(81,'27',82),(82,'28',196),(83,'28',195),(84,'28',198),(85,'29',146),(86,'29',144),(87,'29',146),(88,'30',50),(89,'30',44),(90,'30',57),(91,'31',223),(92,'31',225),(93,'31',224),(94,'32',113),(95,'32',113),(96,'32',110),(97,'33',122),(98,'33',117),(99,'33',118),(100,'34',175),(101,'34',174),(102,'34',173),(103,'35',180),(104,'35',177),(105,'35',178),(106,'36',166),(107,'36',168),(108,'36',169),(109,'37',216),(110,'37',212),(111,'37',211),(112,'38',206),(113,'38',206),(114,'38',205),(115,'39',100),(116,'39',100),(117,'39',101),(118,'40',170),(119,'40',172),(120,'40',169),(121,'41',147),(122,'41',144),(123,'41',148),(124,'42',164),(125,'42',161),(126,'42',165),(127,'43',159),(128,'43',161),(129,'43',164),(130,'44',88),(131,'44',95),(132,'44',80),(133,'45',70),(134,'45',68),(135,'45',61),(136,'46',212),(137,'46',211),(138,'46',215),(139,'47',224),(140,'47',225),(141,'47',221),(142,'48',165),(143,'48',161),(144,'48',164),(145,'49',23),(146,'49',22),(147,'49',15),(148,'50',156),(149,'50',149),(150,'50',154),(151,'51',175),(152,'51',174),(153,'51',173),(154,'52',178),(155,'52',177),(156,'52',176),(157,'53',173),(158,'53',174),(159,'53',175),(160,'54',231),(161,'54',230),(162,'54',234),(163,'55',173),(164,'55',174),(165,'55',175),(166,'56',192),(167,'56',199),(168,'56',195),(169,'57',176),(170,'57',178),(171,'57',180),(172,'58',210),(173,'58',214),(174,'58',209),(175,'59',92),(176,'59',81),(177,'59',78),(178,'60',127),(179,'60',125),(180,'60',126),(181,'61',173),(182,'61',174),(183,'61',175),(184,'62',164),(185,'62',161),(186,'62',165),(187,'63',173),(188,'63',175),(189,'63',174),(190,'64',90),(191,'64',87),(192,'64',89),(193,'65',164),(194,'65',163),(195,'65',165),(196,'66',122),(197,'66',117),(198,'66',121),(199,'67',169),(200,'67',168),(201,'67',172),(202,'68',141),(203,'68',145),(204,'68',146),(205,'69',159),(206,'69',158),(207,'69',160),(208,'70',99),(209,'70',105),(210,'70',103),(211,'71',202),(212,'71',204),(213,'71',201),(214,'72',81),(215,'72',93),(216,'72',95),(217,'73',231),(218,'73',232),(219,'73',233),(220,'74',13),(221,'74',27),(222,'74',35),(223,'75',140),(224,'75',145),(225,'75',139),(226,'76',112),(227,'76',111),(228,'76',108),(229,'77',117),(230,'77',119),(231,'77',121),(232,'78',106),(233,'78',99),(234,'78',100),(235,'79',111),(236,'79',116),(237,'79',109),(238,'80',175),(239,'80',174),(240,'80',173),(241,'81',170),(242,'81',166),(243,'81',171),(244,'82',232),(245,'82',227),(246,'82',234),(247,'83',155),(248,'83',154),(249,'83',156),(250,'84',152),(251,'84',156),(252,'84',154),(253,'85',223),(254,'85',224),(255,'85',222),(256,'86',222),(257,'86',221),(258,'86',223),(259,'87',183),(260,'87',189),(261,'87',185),(262,'88',172),(263,'88',172),(264,'88',169),(265,'89',177),(266,'89',179),(267,'89',176),(268,'90',7),(269,'90',6),(270,'90',15),(271,'91',223),(272,'91',224),(273,'91',221),(274,'92',160),(275,'92',158),(276,'92',163),(277,'93',211),(278,'93',209),(279,'93',212),(280,'94',231),(281,'94',230),(282,'94',229),(283,'95',104),(284,'95',97),(285,'95',100),(286,'96',156),(287,'96',155),(288,'96',149),(289,'97',193),(290,'97',198),(291,'97',195),(292,'98',150),(293,'98',155),(294,'98',151),(295,'99',132),(296,'99',138),(297,'99',131),(298,'100',139),(299,'100',142),(300,'100',144),(301,'101',168),(302,'101',166),(303,'101',171),(304,'102',39),(305,'102',14),(306,'102',21),(307,'103',198),(308,'103',195),(309,'103',196),(310,'104',76),(311,'104',68),(312,'104',64),(313,'105',94),(314,'105',84),(315,'105',78),(316,'106',212),(317,'106',214),(318,'106',213),(319,'107',94),(320,'107',86),(321,'107',91),(322,'108',182),(323,'108',181),(324,'108',185),(325,'109',55),(326,'109',250),(327,'109',54),(328,'110',174),(329,'110',173),(330,'110',175),(331,'111',117),(332,'111',119),(333,'111',122),(334,'112',224),(335,'112',221),(336,'112',225),(337,'113',69),(338,'113',67),(339,'113',75),(340,'114',141),(341,'114',140),(342,'114',139),(343,'115',112),(344,'115',113),(345,'115',111),(346,'116',100),(347,'116',105),(348,'116',101),(349,'117',134),(350,'117',133),(351,'117',138),(352,'118',124),(353,'118',125),(354,'118',128),(355,'119',191),(356,'119',199),(357,'119',196),(358,'120',225),(359,'120',221),(360,'120',224),(361,'121',112),(362,'121',113),(363,'121',107),(364,'122',9),(365,'122',20),(366,'122',17),(367,'123',172),(368,'123',169),(369,'123',168),(370,'124',133),(371,'124',132),(372,'124',135),(373,'125',69),(374,'125',67),(375,'125',76),(376,'126',191),(377,'126',193),(378,'126',196),(379,'127',154),(380,'127',151),(381,'127',155),(382,'128',175),(383,'128',173),(384,'128',174),(385,'129',99),(386,'129',101),(387,'129',106),(388,'130',18),(389,'130',26),(390,'130',21),(391,'131',125),(392,'131',124),(393,'131',128),(394,'132',197),(395,'132',194),(396,'132',192),(397,'133',137),(398,'133',135),(399,'133',134),(400,'134',60),(401,'134',250),(402,'134',256),(403,'135',186),(404,'135',186),(405,'135',181),(406,'136',196),(407,'136',194),(408,'136',192),(409,'137',89),(410,'137',83),(411,'137',84),(412,'138',180),(413,'138',177),(414,'138',178),(415,'139',221),(416,'139',223),(417,'139',224),(418,'140',112),(419,'140',113),(420,'140',115),(421,'141',176),(422,'141',179),(423,'141',180),(424,'142',184),(425,'142',182),(426,'142',190),(427,'143',203),(428,'143',202),(429,'143',208),(430,'144',136),(431,'144',135),(432,'144',137),(433,'145',107),(434,'145',112),(435,'145',110),(436,'146',156),(437,'146',153),(438,'146',150),(439,'147',119),(440,'147',121),(441,'147',121),(442,'148',217),(443,'148',203),(444,'148',206),(445,'149',100),(446,'149',99),(447,'149',98),(448,'150',194),(449,'150',198),(450,'150',193),(451,'151',233),(452,'151',234),(453,'151',227),(454,'152',152),(455,'152',153),(456,'152',155),(457,'153',98),(458,'153',99),(459,'153',102),(460,'154',229),(461,'154',226),(462,'154',228),(463,'155',174),(464,'155',175),(465,'155',173),(466,'156',199),(467,'156',194),(468,'156',196),(469,'157',87),(470,'157',83),(471,'157',86),(472,'158',109),(473,'158',110),(474,'158',114),(475,'159',155),(476,'159',156),(477,'159',157),(478,'160',213),(479,'160',214),(480,'160',210),(481,'161',115),(482,'161',114),(483,'161',111),(484,'162',233),(485,'162',234),(486,'162',228),(487,'163',133),(488,'163',134),(489,'163',137),(490,'164',65),(491,'164',61),(492,'164',74),(493,'165',175),(494,'165',173),(495,'165',174),(496,'166',185),(497,'166',184),(498,'166',189),(499,'167',207),(500,'167',218),(501,'167',203),(502,'168',104),(503,'168',103),(504,'168',100),(505,'169',221),(506,'169',225),(507,'169',223),(508,'170',203),(509,'170',205),(510,'170',207),(511,'171',119),(512,'171',120),(513,'171',117),(514,'172',122),(515,'172',119),(516,'172',123),(517,'173',180),(518,'173',176),(519,'173',178),(520,'174',82),(521,'174',88),(522,'174',90),(523,'175',141),(524,'175',142),(525,'175',143),(526,'176',144),(527,'176',143),(528,'176',140),(529,'177',201),(530,'177',217),(531,'177',220),(532,'178',112),(533,'178',109),(534,'178',110),(535,'179',116),(536,'179',111),(537,'179',110),(538,'180',175),(539,'180',174),(540,'180',173),(541,'181',204),(542,'181',202),(543,'181',217),(544,'182',223),(545,'182',221),(546,'182',225),(547,'183',117),(548,'183',119),(549,'183',120),(550,'184',148),(551,'184',141),(552,'184',146),(553,'185',6),(554,'185',30),(555,'185',19),(556,'186',103),(557,'186',104),(558,'186',98),(559,'187',173),(560,'187',175),(561,'187',174),(562,'188',83),(563,'188',89),(564,'188',80),(565,'189',231),(566,'189',227),(567,'189',228),(568,'190',213),(569,'190',216),(570,'190',214),(571,'191',174),(572,'191',173),(573,'191',175),(574,'192',159),(575,'192',163),(576,'192',165),(577,'193',61),(578,'193',75),(579,'193',68),(580,'194',117),(581,'194',118),(582,'194',123),(583,'195',131),(584,'195',132),(585,'195',133),(586,'196',32),(587,'196',37),(588,'196',33),(589,'197',240),(590,'197',47),(591,'197',48),(592,'198',194),(593,'198',192),(594,'198',191),(595,'199',174),(596,'199',175),(597,'199',174),(598,'200',206),(599,'200',205),(600,'200',200),(601,'201',175),(602,'201',174),(603,'201',173),(604,'202',254),(605,'202',58),(606,'202',52),(607,'203',129),(608,'203',126),(609,'203',125),(610,'204',136),(611,'204',135),(612,'204',131),(613,'205',173),(614,'205',175),(615,'205',174),(616,'206',177),(617,'206',179),(618,'206',176),(619,'207',178),(620,'207',176),(621,'207',180),(622,'208',162),(623,'208',164),(624,'208',159),(625,'209',123),(626,'209',118),(627,'209',120),(628,'210',223),(629,'210',225),(630,'210',224),(631,'211',33),(632,'211',34),(633,'211',40),(634,'212',95),(635,'212',78),(636,'212',83),(637,'213',122),(638,'213',120),(639,'213',118),(640,'214',106),(641,'214',103),(642,'214',104),(643,'215',234),(644,'215',228),(645,'215',233),(646,'216',232),(647,'216',231),(648,'216',228),(649,'217',165),(650,'217',160),(651,'217',158),(652,'218',221),(653,'218',221),(654,'218',221),(655,'219',97),(656,'219',99),(657,'219',100),(658,'220',174),(659,'220',173),(660,'220',175),(661,'221',225),(662,'221',221),(663,'221',222),(664,'222',136),(665,'222',132),(666,'222',130),(667,'223',212),(668,'223',210),(669,'223',215),(670,'224',197),(671,'224',198),(672,'224',193),(673,'225',126),(674,'225',125),(675,'225',124),(676,'226',100),(677,'226',105),(678,'226',102),(679,'227',116),(680,'227',115),(681,'227',110),(682,'228',69),(683,'228',73),(684,'228',65),(685,'229',230),(686,'229',227),(687,'229',232),(688,'230',176),(689,'230',179),(690,'230',178),(691,'231',177),(692,'231',178),(693,'231',178),(694,'232',69),(695,'232',65),(696,'232',73),(697,'233',137),(698,'233',132),(699,'233',133),(700,'234',211),(701,'234',213),(702,'234',216),(703,'235',176),(704,'235',178),(705,'235',179),(706,'236',167),(707,'236',172),(708,'236',171),(709,'237',163),(710,'237',165),(711,'237',162),(712,'238',170),(713,'238',172),(714,'238',169),(715,'239',178),(716,'239',176),(717,'239',180),(718,'240',172),(719,'240',171),(720,'240',167),(721,'241',169),(722,'241',166),(723,'241',167),(724,'242',143),(725,'242',148),(726,'242',146),(727,'243',123),(728,'243',122),(729,'243',119),(730,'244',154),(731,'244',150),(732,'244',152),(733,'245',215),(734,'245',214),(735,'245',211),(736,'246',180),(737,'246',179),(738,'246',178),(739,'247',233),(740,'247',229),(741,'247',226),(742,'248',119),(743,'248',120),(744,'248',123),(745,'249',129),(746,'249',127),(747,'249',127),(748,'250',214),(749,'250',210),(750,'250',213),(751,'251',178),(752,'251',180),(753,'251',177),(754,'252',105),(755,'252',103),(756,'252',99),(757,'253',119),(758,'253',123),(759,'253',120),(760,'254',151),(761,'254',152),(762,'254',150),(763,'255',151),(764,'255',149),(765,'255',152),(766,'256',105),(767,'256',101),(768,'256',98),(769,'257',69),(770,'257',75),(771,'257',71),(772,'258',113),(773,'258',107),(774,'258',116),(775,'259',177),(776,'259',179),(777,'259',176),(778,'260',208),(779,'260',207),(780,'260',218),(781,'261',193),(782,'261',196),(783,'261',197),(784,'262',61),(785,'262',63),(786,'262',76),(787,'263',111),(788,'263',110),(789,'263',112),(790,'264',231),(791,'264',226),(792,'264',233),(793,'265',150),(794,'265',157),(795,'265',156),(796,'266',81),(797,'266',92),(798,'266',89),(799,'267',208),(800,'267',206),(801,'267',201),(802,'268',241),(803,'268',45),(804,'268',53),(805,'269',156),(806,'269',152),(807,'269',157),(808,'270',116),(809,'270',108),(810,'270',113),(811,'271',160),(812,'271',163),(813,'271',158),(814,'272',99),(815,'272',101),(816,'272',105),(817,'273',9),(818,'273',27),(819,'273',3),(820,'274',131),(821,'274',137),(822,'274',135),(823,'275',20),(824,'275',38),(825,'275',10),(826,'276',77),(827,'276',96),(828,'276',90),(829,'277',166),(830,'277',167),(831,'277',169),(832,'278',188),(833,'278',181),(834,'278',184),(835,'279',150),(836,'279',149),(837,'279',155),(838,'280',214),(839,'280',216),(840,'280',213),(841,'281',251),(842,'281',57),(843,'281',235),(844,'282',222),(845,'282',221),(846,'282',225),(847,'283',166),(848,'283',168),(849,'283',172),(850,'284',186),(851,'284',181),(852,'284',190),(853,'285',119),(854,'285',118),(855,'285',120),(856,'286',206),(857,'286',203),(858,'286',207),(859,'287',3),(860,'287',25),(861,'287',34),(862,'288',169),(863,'288',171),(864,'288',168),(865,'289',216),(866,'289',212),(867,'289',211),(868,'290',159),(869,'290',165),(870,'290',158),(871,'291',134),(872,'291',137),(873,'291',133),(874,'292',205),(875,'292',203),(876,'292',220),(877,'293',245),(878,'293',41),(879,'293',254),(880,'294',228),(881,'294',232),(882,'294',232),(883,'295',225),(884,'295',223),(885,'295',222),(886,'296',61),(887,'296',67),(888,'296',68),(889,'297',112),(890,'297',111),(891,'297',116),(892,'298',176),(893,'298',177),(894,'298',178),(895,'299',167),(896,'299',168),(897,'299',166),(898,'300',175),(899,'300',173),(900,'300',174),(901,'301',150),(902,'301',151),(903,'301',150),(904,'302',127),(905,'302',127),(906,'302',126),(907,'303',196),(908,'303',194),(909,'303',193),(910,'304',167),(911,'304',166),(912,'304',172),(913,'305',247),(914,'305',246),(915,'305',58),(916,'306',143),(917,'306',146),(918,'306',144),(919,'307',52),(920,'307',247),(921,'307',248),(922,'308',185),(923,'308',184),(924,'308',182),(925,'309',177),(926,'309',176),(927,'309',179),(928,'310',155),(929,'310',154),(930,'310',150),(931,'311',67),(932,'311',70),(933,'311',69),(934,'312',135),(935,'312',137),(936,'312',130),(937,'313',87),(938,'313',89),(939,'313',90),(940,'314',220),(941,'314',217),(942,'314',218),(943,'315',151),(944,'315',155),(945,'315',156),(946,'316',116),(947,'316',109),(948,'316',113),(949,'317',157),(950,'317',149),(951,'317',156),(952,'318',188),(953,'318',181),(954,'318',189),(955,'319',168),(956,'319',166),(957,'319',170),(958,'320',119),(959,'320',118),(960,'320',121),(961,'321',174),(962,'321',173),(963,'321',175),(964,'322',121),(965,'322',117),(966,'322',119),(967,'323',113),(968,'323',110),(969,'323',116),(970,'324',178),(971,'324',180),(972,'324',176),(973,'325',156),(974,'325',151),(975,'325',153),(976,'326',153),(977,'326',149),(978,'326',156),(979,'327',138),(980,'327',137),(981,'327',133),(982,'328',50),(983,'328',44),(984,'328',54),(985,'329',175),(986,'329',173),(987,'329',174),(988,'330',99),(989,'330',103),(990,'330',97),(991,'331',14),(992,'331',28),(993,'331',7),(994,'332',225),(995,'332',223),(996,'332',225),(997,'333',166),(998,'333',168),(999,'333',169),(1000,'334',168),(1001,'334',167),(1002,'334',166),(1003,'335',154),(1004,'335',151),(1005,'335',156),(1006,'336',166),(1007,'336',166),(1008,'336',172),(1009,'337',117),(1010,'337',118),(1011,'337',118),(1012,'338',142),(1013,'338',145),(1014,'338',142),(1015,'339',4),(1016,'339',24),(1017,'339',6),(1018,'340',159),(1019,'340',162),(1020,'340',161),(1021,'341',222),(1022,'341',224),(1023,'341',225),(1024,'342',168),(1025,'342',172),(1026,'342',171),(1027,'343',224),(1028,'343',225),(1029,'343',223),(1030,'344',23),(1031,'344',14),(1032,'344',5),(1033,'345',213),(1034,'345',215),(1035,'345',212),(1036,'346',155),(1037,'346',154),(1038,'346',153),(1039,'347',184),(1040,'347',185),(1041,'347',184),(1042,'348',158),(1043,'348',161),(1044,'348',162),(1045,'349',184),(1046,'349',185),(1047,'349',187),(1048,'350',153),(1049,'350',151),(1050,'350',155),(1051,'351',235),(1052,'351',51),(1053,'351',250),(1054,'352',128),(1055,'352',129),(1056,'352',125),(1057,'353',155),(1058,'353',154),(1059,'353',157),(1060,'354',81),(1061,'354',87),(1062,'354',93),(1063,'355',112),(1064,'355',111),(1065,'355',110),(1066,'356',75),(1067,'356',71),(1068,'356',67),(1069,'357',48),(1070,'357',42),(1071,'357',256),(1072,'358',175),(1073,'358',174),(1074,'358',173),(1075,'359',202),(1076,'359',218),(1077,'359',204),(1078,'360',222),(1079,'360',224),(1080,'360',223),(1081,'361',237),(1082,'361',56),(1083,'361',59),(1084,'362',175),(1085,'362',173),(1086,'362',174),(1087,'363',234),(1088,'363',232),(1089,'363',229),(1090,'364',151),(1091,'364',155),(1092,'364',149),(1093,'365',168),(1094,'365',170),(1095,'365',169),(1096,'366',92),(1097,'366',78),(1098,'366',96),(1099,'367',145),(1100,'367',143),(1101,'367',141),(1102,'368',65),(1103,'368',65),(1104,'368',62),(1105,'369',114),(1106,'369',109),(1107,'369',111),(1108,'370',170),(1109,'370',168),(1110,'370',166),(1111,'371',184),(1112,'371',189),(1113,'371',187),(1114,'372',103),(1115,'372',105),(1116,'372',99),(1117,'373',65),(1118,'373',76),(1119,'373',71),(1120,'374',163),(1121,'374',165),(1122,'374',164),(1123,'375',129),(1124,'375',125),(1125,'375',126),(1126,'376',168),(1127,'376',166),(1128,'376',172),(1129,'377',191),(1130,'377',198),(1131,'377',194),(1132,'378',74),(1133,'378',69),(1134,'378',68),(1135,'379',31),(1136,'379',32),(1137,'379',38),(1138,'380',165),(1139,'380',163),(1140,'380',158),(1141,'381',152),(1142,'381',155),(1143,'381',153),(1144,'382',201),(1145,'382',203),(1146,'382',205),(1147,'383',135),(1148,'383',135),(1149,'383',132),(1150,'384',177),(1151,'384',176),(1152,'384',180),(1153,'385',126),(1154,'385',127),(1155,'385',128),(1156,'386',160),(1157,'386',163),(1158,'386',161),(1159,'387',152),(1160,'387',150),(1161,'387',149),(1162,'388',180),(1163,'388',176),(1164,'388',177),(1165,'389',171),(1166,'389',169),(1167,'389',166),(1168,'390',232),(1169,'390',228),(1170,'390',229),(1171,'391',137),(1172,'391',134),(1173,'391',130),(1174,'392',146),(1175,'392',148),(1176,'392',143),(1177,'393',221),(1178,'393',224),(1179,'393',225),(1180,'394',227),(1181,'394',228),(1182,'394',231),(1183,'395',198),(1184,'395',199),(1185,'395',193),(1186,'396',136),(1187,'396',130),(1188,'396',137),(1189,'397',187),(1190,'397',181),(1191,'397',188),(1192,'398',194),(1193,'398',197),(1194,'398',198),(1195,'399',174),(1196,'399',175),(1197,'399',173),(1198,'400',109),(1199,'400',107),(1200,'400',113),(1201,'401',214),(1202,'401',216),(1203,'401',210),(1204,'402',55),(1205,'402',249),(1206,'402',49),(1207,'403',69),(1208,'403',61),(1209,'403',76),(1210,'404',127),(1211,'404',124),(1212,'404',126),(1213,'405',196),(1214,'405',194),(1215,'405',198),(1216,'406',172),(1217,'406',168),(1218,'406',166),(1219,'407',129),(1220,'407',127),(1221,'407',125),(1222,'408',118),(1223,'408',123),(1224,'408',120),(1225,'409',167),(1226,'409',172),(1227,'409',172),(1228,'410',66),(1229,'410',71),(1230,'410',67),(1231,'411',250),(1232,'411',54),(1233,'411',236),(1234,'412',152),(1235,'412',153),(1236,'412',151),(1237,'413',187),(1238,'413',183),(1239,'413',181),(1240,'414',95),(1241,'414',90),(1242,'414',89),(1243,'415',27),(1244,'415',12),(1245,'415',32),(1246,'416',55),(1247,'416',60),(1248,'416',48),(1249,'417',187),(1250,'417',181),(1251,'417',190),(1252,'418',13),(1253,'418',25),(1254,'418',27),(1255,'419',199),(1256,'419',193),(1257,'419',191),(1258,'420',163),(1259,'420',165),(1260,'420',159),(1261,'421',216),(1262,'421',209),(1263,'421',213),(1264,'422',96),(1265,'422',88),(1266,'422',91),(1267,'423',211),(1268,'423',212),(1269,'423',214),(1270,'424',61),(1271,'424',67),(1272,'424',64),(1273,'425',190),(1274,'425',182),(1275,'425',189),(1276,'426',31),(1277,'426',14),(1278,'426',34),(1279,'427',75),(1280,'427',62),(1281,'427',61),(1282,'428',153),(1283,'428',151),(1284,'428',152),(1285,'429',127),(1286,'429',127),(1287,'429',124),(1288,'430',114),(1289,'430',110),(1290,'430',111),(1291,'431',216),(1292,'431',209),(1293,'431',210),(1294,'432',225),(1295,'432',223),(1296,'432',224),(1297,'433',126),(1298,'433',127),(1299,'433',124),(1300,'434',231),(1301,'434',226),(1302,'434',233),(1303,'435',103),(1304,'435',99),(1305,'435',106),(1306,'436',52),(1307,'436',49),(1308,'436',252),(1309,'437',177),(1310,'437',179),(1311,'437',178),(1312,'438',171),(1313,'438',170),(1314,'438',168),(1315,'439',119),(1316,'439',123),(1317,'439',118),(1318,'440',178),(1319,'440',176),(1320,'440',180),(1321,'441',159),(1322,'441',162),(1323,'441',163),(1324,'442',95),(1325,'442',77),(1326,'442',94),(1327,'443',224),(1328,'443',223),(1329,'443',221),(1330,'444',173),(1331,'444',173),(1332,'444',173),(1333,'445',170),(1334,'445',168),(1335,'445',172),(1336,'446',115),(1337,'446',110),(1338,'446',107),(1339,'447',86),(1340,'447',88),(1341,'447',91),(1342,'448',127),(1343,'448',125),(1344,'448',126),(1345,'449',176),(1346,'449',179),(1347,'449',180),(1348,'450',171),(1349,'450',166),(1350,'450',167),(1351,'451',128),(1352,'451',129),(1353,'451',126),(1354,'452',165),(1355,'452',163),(1356,'452',160),(1357,'453',202),(1358,'453',207),(1359,'453',218),(1360,'454',240),(1361,'454',60),(1362,'454',239),(1363,'455',144),(1364,'455',141),(1365,'455',139),(1366,'456',165),(1367,'456',163),(1368,'456',164),(1369,'457',1),(1370,'457',6),(1371,'457',21),(1372,'458',225),(1373,'458',222),(1374,'458',224),(1375,'459',64),(1376,'459',75),(1377,'459',73),(1378,'460',159),(1379,'460',165),(1380,'460',161),(1381,'461',152),(1382,'461',153),(1383,'461',156),(1384,'462',191),(1385,'462',194),(1386,'462',196),(1387,'463',83),(1388,'463',78),(1389,'463',96),(1390,'464',130),(1391,'464',134),(1392,'464',137),(1393,'465',120),(1394,'465',122),(1395,'465',121),(1396,'466',184),(1397,'466',183),(1398,'466',190),(1399,'467',52),(1400,'467',252),(1401,'467',53),(1402,'468',165),(1403,'468',160),(1404,'468',162),(1405,'469',110),(1406,'469',112),(1407,'469',109),(1408,'470',123),(1409,'470',117),(1410,'470',120),(1411,'471',190),(1412,'471',187),(1413,'471',185),(1414,'472',216),(1415,'472',210),(1416,'472',214),(1417,'473',225),(1418,'473',221),(1419,'473',223),(1420,'474',244),(1421,'474',254),(1422,'474',255),(1423,'475',175),(1424,'475',174),(1425,'475',173),(1426,'476',88),(1427,'476',85),(1428,'476',91),(1429,'477',191),(1430,'477',195),(1431,'477',193),(1432,'478',121),(1433,'478',123),(1434,'478',123),(1435,'479',199),(1436,'479',192),(1437,'479',198),(1438,'480',65),(1439,'480',67),(1440,'480',75),(1441,'481',211),(1442,'481',212),(1443,'481',216),(1444,'482',197),(1445,'482',193),(1446,'482',197),(1447,'483',68),(1448,'483',75),(1449,'483',61),(1450,'484',161),(1451,'484',164),(1452,'484',160),(1453,'485',32),(1454,'485',25),(1455,'485',17),(1456,'486',80),(1457,'486',77),(1458,'486',83),(1459,'487',211),(1460,'487',209),(1461,'487',216),(1462,'488',162),(1463,'488',165),(1464,'488',160),(1465,'489',120),(1466,'489',121),(1467,'489',117),(1468,'490',243),(1469,'490',237),(1470,'490',248),(1471,'491',90),(1472,'491',93),(1473,'491',82),(1474,'492',184),(1475,'492',190),(1476,'492',181),(1477,'493',119),(1478,'493',122),(1479,'493',118),(1480,'494',177),(1481,'494',176),(1482,'494',180),(1483,'495',174),(1484,'495',175),(1485,'495',173),(1486,'496',210),(1487,'496',215),(1488,'496',215),(1489,'497',184),(1490,'497',185),(1491,'497',181),(1492,'498',108),(1493,'498',112),(1494,'498',114),(1495,'499',200),(1496,'499',206),(1497,'499',207),(1498,'500',104),(1499,'500',97),(1500,'500',101),(1501,'501',228),(1502,'501',226),(1503,'501',229),(1504,'502',118),(1505,'502',121),(1506,'502',122),(1507,'503',208),(1508,'503',218),(1509,'503',200),(1510,'504',172),(1511,'504',170),(1512,'504',168),(1513,'505',222),(1514,'505',225),(1515,'505',221),(1516,'506',184),(1517,'506',187),(1518,'506',185),(1519,'507',191),(1520,'507',197),(1521,'507',192),(1522,'508',174),(1523,'508',175),(1524,'508',173),(1525,'509',154),(1526,'509',151),(1527,'509',156),(1528,'510',145),(1529,'510',144),(1530,'510',148),(1531,'511',224),(1532,'511',223),(1533,'511',221),(1534,'512',79),(1535,'512',81),(1536,'512',78),(1537,'513',175),(1538,'513',174),(1539,'513',173),(1540,'514',101),(1541,'514',99),(1542,'514',98),(1543,'515',183),(1544,'515',188),(1545,'515',181),(1546,'516',157),(1547,'516',157),(1548,'516',154),(1549,'517',248),(1550,'517',235),(1551,'517',251),(1552,'518',101),(1553,'518',106),(1554,'518',104),(1555,'519',195),(1556,'519',199),(1557,'519',192),(1558,'520',142),(1559,'520',140),(1560,'520',146),(1561,'521',181),(1562,'521',189),(1563,'521',183),(1564,'522',125),(1565,'522',127),(1566,'522',128),(1567,'523',97),(1568,'523',100),(1569,'523',102),(1570,'524',99),(1571,'524',97),(1572,'524',103),(1573,'525',177),(1574,'525',178),(1575,'525',179),(1576,'526',130),(1577,'526',137),(1578,'526',133),(1579,'527',190),(1580,'527',181),(1581,'527',188),(1582,'528',137),(1583,'528',132),(1584,'528',135),(1585,'529',146),(1586,'529',141),(1587,'529',140),(1588,'530',175),(1589,'530',173),(1590,'530',174),(1591,'531',131),(1592,'531',137),(1593,'531',136),(1594,'532',2),(1595,'532',10),(1596,'532',25),(1597,'533',172),(1598,'533',168),(1599,'533',170),(1600,'534',209),(1601,'534',214),(1602,'534',215),(1603,'535',222),(1604,'535',223),(1605,'535',224),(1606,'536',124),(1607,'536',129),(1608,'536',125),(1609,'537',174),(1610,'537',175),(1611,'537',173),(1612,'538',120),(1613,'538',117),(1614,'538',123),(1615,'539',200),(1616,'539',217),(1617,'539',218),(1618,'540',101),(1619,'540',98),(1620,'540',97),(1621,'541',148),(1622,'541',140),(1623,'541',141),(1624,'542',105),(1625,'542',103),(1626,'542',99),(1627,'543',163),(1628,'543',159),(1629,'543',160),(1630,'544',162),(1631,'544',165),(1632,'544',162),(1633,'545',169),(1634,'545',168),(1635,'545',172),(1636,'546',201),(1637,'546',208),(1638,'546',203),(1639,'547',27),(1640,'547',22),(1641,'547',40),(1642,'548',114),(1643,'548',112),(1644,'548',107),(1645,'549',133),(1646,'549',137),(1647,'549',137),(1648,'550',111),(1649,'550',110),(1650,'550',109),(1651,'551',210),(1652,'551',214),(1653,'551',213),(1654,'552',152),(1655,'552',149),(1656,'552',153),(1657,'553',176),(1658,'553',179),(1659,'553',179),(1660,'554',179),(1661,'554',179),(1662,'554',178),(1663,'555',174),(1664,'555',175),(1665,'555',173),(1666,'556',173),(1667,'556',174),(1668,'556',175),(1669,'557',166),(1670,'557',167),(1671,'557',168),(1672,'558',214),(1673,'558',211),(1674,'558',212),(1675,'559',170),(1676,'559',167),(1677,'559',172),(1678,'560',147),(1679,'560',141),(1680,'560',145),(1681,'561',224),(1682,'561',221),(1683,'561',223),(1684,'562',133),(1685,'562',132),(1686,'562',135),(1687,'563',6),(1688,'563',13),(1689,'563',25),(1690,'564',175),(1691,'564',173),(1692,'564',174),(1693,'565',101),(1694,'565',102),(1695,'565',103),(1696,'566',139),(1697,'566',140),(1698,'566',145),(1699,'567',198),(1700,'567',193),(1701,'567',191),(1702,'568',138),(1703,'568',130),(1704,'568',135),(1705,'569',118),(1706,'569',122),(1707,'569',120),(1708,'570',173),(1709,'570',174),(1710,'570',175),(1711,'571',194),(1712,'571',196),(1713,'571',197),(1714,'572',218),(1715,'572',206),(1716,'572',203),(1717,'573',191),(1718,'573',193),(1719,'573',194),(1720,'574',158),(1721,'574',163),(1722,'574',162),(1723,'575',130),(1724,'575',137),(1725,'575',135),(1726,'576',50),(1727,'576',246),(1728,'576',249),(1729,'577',94),(1730,'577',83),(1731,'577',82),(1732,'578',101),(1733,'578',97),(1734,'578',103),(1735,'579',67),(1736,'579',64),(1737,'579',62),(1738,'580',167),(1739,'580',171),(1740,'580',172),(1741,'581',198),(1742,'581',197),(1743,'581',199),(1744,'582',161),(1745,'582',165),(1746,'582',164),(1747,'583',163),(1748,'583',160),(1749,'583',158),(1750,'584',177),(1751,'584',178),(1752,'584',180),(1753,'585',195),(1754,'585',192),(1755,'585',196),(1756,'586',230),(1757,'586',227),(1758,'586',233),(1759,'587',249),(1760,'587',250),(1761,'587',49),(1762,'588',177),(1763,'588',177),(1764,'588',179),(1765,'589',213),(1766,'589',210),(1767,'589',209),(1768,'590',41),(1769,'590',243),(1770,'590',43),(1771,'591',189),(1772,'591',183),(1773,'591',188),(1774,'592',160),(1775,'592',158),(1776,'592',158),(1777,'593',139),(1778,'593',144),(1779,'593',143),(1780,'594',118),(1781,'594',120),(1782,'594',118),(1783,'595',96),(1784,'595',83),(1785,'595',84),(1786,'596',224),(1787,'596',225),(1788,'596',223),(1789,'597',214),(1790,'597',213),(1791,'597',216),(1792,'598',173),(1793,'598',175),(1794,'598',174),(1795,'599',123),(1796,'599',120),(1797,'599',117),(1798,'600',191),(1799,'600',197),(1800,'600',195),(1801,'bhargav',14),(1802,'bhargav',18),(1803,'bhargav',19),(1804,'bhargav',29),(1805,'bhargav',20),(3606,'bhargav',10),(3607,'bhargav',14),(3608,'bhargav',36),(3609,'bhargav',37),(3610,'bhargav',20);
/*!40000 ALTER TABLE `candidateskills` ENABLE KEYS */;
UNLOCK TABLES;

--
-- Table structure for table `Domain`
--

DROP TABLE IF EXISTS `Domain`;
/*!40101 SET @saved_cs_client     = @@character_set_client */;
/*!50503 SET character_set_client = utf8mb4 */;
CREATE TABLE `Domain` (
  `Domain_ID` int NOT NULL,
  `Domain_Name` varchar(50) NOT NULL,
  PRIMARY KEY (`Domain_ID`)
) ENGINE=InnoDB DEFAULT CHARSET=utf8mb4 COLLATE=utf8mb4_0900_ai_ci;
/*!40101 SET character_set_client = @saved_cs_client */;

--
-- Dumping data for table `Domain`
--

LOCK TABLES `Domain` WRITE;
/*!40000 ALTER TABLE `Domain` DISABLE KEYS */;
INSERT INTO `Domain` VALUES (1,'Purchasing'),(2,'Supply Chain'),(3,'Public Relations'),(4,'Science'),(5,'Strategy/Planning'),(6,'Writing/Editing'),(7,'Quality Assurance'),(8,'Distribution'),(9,'Production'),(10,'Project Management'),(11,'Advertising'),(12,'Research'),(13,'Human Resources'),(14,'Legal'),(15,'Product Management'),(16,'Marketing'),(17,'Education'),(18,'Training'),(19,'Analyst'),(20,'Finance'),(21,'Sales'),(22,'Business Development'),(23,'Management'),(24,'Manufacturing'),(25,'General Business'),(26,'Customer Service'),(27,'Engineering'),(28,'Other'),(29,'Consulting'),(30,'Accounting/Auditing'),(31,'Health Care Provider'),(32,'Design'),(33,'Art/Creative'),(34,'Information Technology'),(35,'Administrative');
/*!40000 ALTER TABLE `Domain` ENABLE KEYS */;
UNLOCK TABLES;

--
-- Table structure for table `Employer`
--

DROP TABLE IF EXISTS `Employer`;
/*!40101 SET @saved_cs_client     = @@character_set_client */;
/*!50503 SET character_set_client = utf8mb4 */;
CREATE TABLE `Employer` (
  `EmpID` int NOT NULL,
  `EnterpriseName` varchar(50) NOT NULL,
  `CEOName` varchar(50) NOT NULL,
  `EmpAddress` varchar(255) DEFAULT NULL,
  `EmpCity` varchar(50) DEFAULT NULL,
  `EmpState` varchar(50) DEFAULT NULL,
  `EmpCountry` varchar(50) DEFAULT NULL,
  `EmpZip` int DEFAULT NULL,
  PRIMARY KEY (`EmpID`),
  UNIQUE KEY `EnterpriseName` (`EnterpriseName`)
) ENGINE=InnoDB DEFAULT CHARSET=utf8mb4 COLLATE=utf8mb4_0900_ai_ci;
/*!40101 SET character_set_client = @saved_cs_client */;

--
-- Dumping data for table `Employer`
--

LOCK TABLES `Employer` WRITE;
/*!40000 ALTER TABLE `Employer` DISABLE KEYS */;
INSERT INTO `Employer` VALUES (1,'Google','Sundar Pichai','1600 Amphitheatre Parkway','Mountain View','California','USA',94043),(2,'Facebook','Mark Zuckerberg','1 Hacker Way','Menlo Park','California','USA',94025),(3,'Microsoft','Satya Nadella','One Microsoft Way','Redmond','Washington','USA',98052),(4,'Apple','Tim Cook','1 Apple Park Way','Cupertino','California','USA',95014),(5,'Amazon','Andy Jassy','410 Terry Ave N','Seattle','Washington','USA',98109),(6,'Tesla','Elon Musk','3500 Deer Creek Road','Palo Alto','California','USA',94304),(7,'Netflix','Reed Hastings','100 Winchester Circle','Los Gatos','California','USA',95032),(8,'Adobe','Shantanu Narayen','345 Park Avenue','San Jose','California','USA',95110),(9,'IBM','Arvind Krishna','1 New Orchard Road','Armonk','New York','USA',10504),(10,'Oracle','Safra Catz','500 Oracle Parkway','Redwood City','California','USA',94065),(11,'Warner Bros. Pictures','Ann Sarnoff','4000 Warner Blvd.','Burbank','California','USA',91522),(12,'Walt Disney Pictures','Bob Chapek','500 S. Buena Vista Street','Burbank','California','USA',91521),(13,'Paramount Pictures','Brian Robbins','5555 Melrose Avenue','Los Angeles','California','USA',90038),(14,'Universal Pictures','Donna Langley','100 Universal City Plaza','Universal City','California','USA',91608),(15,'Sony Pictures Entertainment','Tony Vinciquerra','10202 W. Washington Blvd.','Culver City','California','USA',90232);
/*!40000 ALTER TABLE `Employer` ENABLE KEYS */;
UNLOCK TABLES;

--
-- Table structure for table `Jobroles`
--

DROP TABLE IF EXISTS `Jobroles`;
/*!40101 SET @saved_cs_client     = @@character_set_client */;
/*!50503 SET character_set_client = utf8mb4 */;
CREATE TABLE `Jobroles` (
  `JobRoleID` int NOT NULL,
  `JobRole` varchar(30) NOT NULL,
  PRIMARY KEY (`JobRoleID`)
) ENGINE=InnoDB DEFAULT CHARSET=utf8mb4 COLLATE=utf8mb4_0900_ai_ci;
/*!40101 SET character_set_client = @saved_cs_client */;

--
-- Dumping data for table `Jobroles`
--

LOCK TABLES `Jobroles` WRITE;
/*!40000 ALTER TABLE `Jobroles` DISABLE KEYS */;
INSERT INTO `Jobroles` VALUES (1,'Software Engineer'),(2,'Data Scientist'),(3,'Product Manager'),(4,'Graphic Designer'),(5,'Marketing Specialist'),(6,'Sales Representative'),(7,'Human Resources Manager'),(8,'Financial Analyst'),(9,'Accountant'),(10,'Project Manager'),(11,'Business Analyst'),(12,'Operations Manager'),(13,'Customer Service Rep'),(14,'Web Developer'),(15,'Mechanical Engineer'),(16,'Electrical Engineer'),(17,'Civil Engineer'),(18,'Quality Assurance Engineer'),(19,'Network Administrator'),(20,'Database Administrator'),(21,'IT Support Specialist'),(22,'Cybersecurity Specialist'),(23,'SEO Specialist'),(24,'Content Writer'),(25,'Technical Writer'),(26,'UI/UX Designer'),(27,'Art Director'),(28,'Copywriter'),(29,'Public Relations Specialist'),(30,'Event Planner'),(31,'Supply Chain Manager'),(32,'Logistics Coordinator'),(33,'Health and Safety Officer'),(34,'Environmental Engineer'),(35,'Biomedical Engineer'),(36,'Pharmacist'),(37,'Medical Doctor'),(38,'Nurse'),(39,'Dentist'),(40,'Physical Therapist'),(41,'Architect'),(42,'Interior Designer'),(43,'Real Estate Agent'),(44,'Lawyer'),(45,'Paralegal'),(46,'Journalist'),(47,'Film Director'),(48,'Actor'),(49,'Musician'),(50,'Chef');
/*!40000 ALTER TABLE `Jobroles` ENABLE KEYS */;
UNLOCK TABLES;

--
-- Table structure for table `Jobs`
--

DROP TABLE IF EXISTS `Jobs`;
/*!40101 SET @saved_cs_client     = @@character_set_client */;
/*!50503 SET character_set_client = utf8mb4 */;
CREATE TABLE `Jobs` (
  `JobID` bigint NOT NULL AUTO_INCREMENT,
  `JobDesc` varchar(6555) NOT NULL,
  `Salary` bigint DEFAULT NULL,
  `JobsEmpID` int DEFAULT NULL,
  `PostedJobRoleID` int DEFAULT NULL,
  `JobStatus` int NOT NULL,
  `JobsDomainId` int DEFAULT NULL,
  `PostedDate` date DEFAULT NULL,
  `RecID` varchar(100) NOT NULL,
  PRIMARY KEY (`JobID`),
  KEY `Jobs_Emp_ID` (`JobsEmpID`),
  KEY `Jobs_FK_Role` (`PostedJobRoleID`),
  KEY `DomainIdCheck` (`JobsDomainId`),
  CONSTRAINT `DomainIdCheck` FOREIGN KEY (`JobsDomainId`) REFERENCES `domain` (`Domain_ID`),
  CONSTRAINT `Jobs_Emp_ID` FOREIGN KEY (`JobsEmpID`) REFERENCES `Employer` (`EmpID`),
  CONSTRAINT `Jobs_FK_Role` FOREIGN KEY (`PostedJobRoleID`) REFERENCES `jobroles` (`JobRoleID`),
  CONSTRAINT `Job_Status` CHECK ((`JobStatus` in (1,0)))
) ENGINE=InnoDB AUTO_INCREMENT=1037 DEFAULT CHARSET=utf8mb4 COLLATE=utf8mb4_0900_ai_ci;
/*!40101 SET character_set_client = @saved_cs_client */;

--
-- Dumping data for table `Jobs`
--

LOCK TABLES `Jobs` WRITE;
/*!40000 ALTER TABLE `Jobs` DISABLE KEYS */;
INSERT INTO `Jobs` VALUES (1001,'Software Engineer with expertise in Java',95000,1,1,1,1,NULL,'0'),(1002,'Data Analyst specializing in big data',85000,2,2,0,2,NULL,'0'),(1003,'Project Manager with PMP certification',90000,3,3,1,3,NULL,'0'),(1004,'HR Specialist focused on recruitment',60000,4,4,0,4,NULL,'0'),(1005,'Graphic Designer proficient in Adobe Suite',70000,5,5,1,5,NULL,'0'),(1006,'Digital Marketing Expert',80000,6,6,0,6,NULL,'0'),(1007,'Network Engineer with Cisco certification',95000,7,7,1,7,NULL,'0'),(1008,'Content Writer for technology blog',50000,8,8,0,8,NULL,'0'),(1009,'Sales Manager with 5 years experience',85000,9,9,1,9,NULL,'0'),(1029,'working on building AI models',270000,8,21,1,NULL,NULL,'0'),(1035,'study at stony brook',135000,2,3,1,NULL,NULL,'0'),(1036,'testing',77000,3,3,1,NULL,NULL,'sunita');
/*!40000 ALTER TABLE `Jobs` ENABLE KEYS */;
UNLOCK TABLES;

--
-- Table structure for table `jobSkills`
--

DROP TABLE IF EXISTS `jobSkills`;
/*!40101 SET @saved_cs_client     = @@character_set_client */;
/*!50503 SET character_set_client = utf8mb4 */;
CREATE TABLE `jobSkills` (
  `JobID` int NOT NULL,
  `SkillID` int NOT NULL
) ENGINE=InnoDB DEFAULT CHARSET=utf8mb4 COLLATE=utf8mb4_0900_ai_ci;
/*!40101 SET character_set_client = @saved_cs_client */;

--
-- Dumping data for table `jobSkills`
--

LOCK TABLES `jobSkills` WRITE;
/*!40000 ALTER TABLE `jobSkills` DISABLE KEYS */;
INSERT INTO `jobSkills` VALUES (3,9),(3,10),(3,18),(3,19),(3,29),(3,37),(7,9),(7,18),(7,19),(7,29),(7,37),(21,9),(21,10),(21,18),(21,19),(21,37),(22,9),(22,10),(22,18),(22,19),(22,37),(14,25),(14,37),(14,36),(14,31),(14,18),(14,25),(14,37),(14,36),(14,31),(14,18),(3,6),(3,11),(3,16),(3,14),(3,11),(1035,6),(1035,11),(1035,16),(1035,14),(1035,11),(1035,2),(1035,7),(1035,12),(1035,17),(1035,27),(1035,2),(1035,7),(1035,12),(1035,17),(1035,27),(1036,2),(1036,7),(1036,12),(1036,17),(1036,27);
/*!40000 ALTER TABLE `jobSkills` ENABLE KEYS */;
UNLOCK TABLES;

--
-- Table structure for table `recruiterJobs`
--

DROP TABLE IF EXISTS `recruiterJobs`;
/*!40101 SET @saved_cs_client     = @@character_set_client */;
/*!50503 SET character_set_client = utf8mb4 */;
CREATE TABLE `recruiterJobs` (
  `recID` int NOT NULL,
  `jobID` varchar(45) NOT NULL,
  PRIMARY KEY (`recID`,`jobID`)
) ENGINE=InnoDB DEFAULT CHARSET=utf8mb4 COLLATE=utf8mb4_0900_ai_ci;
/*!40101 SET character_set_client = @saved_cs_client */;

--
-- Dumping data for table `recruiterJobs`
--

LOCK TABLES `recruiterJobs` WRITE;
/*!40000 ALTER TABLE `recruiterJobs` DISABLE KEYS */;
/*!40000 ALTER TABLE `recruiterJobs` ENABLE KEYS */;
UNLOCK TABLES;

--
-- Table structure for table `Recruiters`
--

DROP TABLE IF EXISTS `Recruiters`;
/*!40101 SET @saved_cs_client     = @@character_set_client */;
/*!50503 SET character_set_client = utf8mb4 */;
CREATE TABLE `Recruiters` (
  `RecID` varchar(255) NOT NULL,
  `RecName` varchar(30) DEFAULT NULL,
  `RecAge` int DEFAULT NULL,
  `RecGender` varchar(10) DEFAULT NULL,
  `RecPronouns` varchar(10) DEFAULT NULL,
  `RecQual` varchar(255) DEFAULT NULL,
  `RecTotalExp` int DEFAULT NULL,
  `RecPhone` bigint DEFAULT NULL,
  `RecEmail` varchar(50) DEFAULT NULL,
  `RecAddress` varchar(255) DEFAULT NULL,
  `RecCity` varchar(50) DEFAULT NULL,
  `RecState` varchar(50) DEFAULT NULL,
  `RecCountry` varchar(50) DEFAULT NULL,
  `RecZip` int DEFAULT NULL,
  PRIMARY KEY (`RecID`),
  CONSTRAINT `RecAgeCheck` CHECK (((`RecAge` >= 16) and (`RecAge` <= 100))),
  CONSTRAINT `RecExpCheck` CHECK ((`RecTotalExp` <= `RecAge`)),
  CONSTRAINT `RecGenderCheck` CHECK ((`RecGender` in (_utf8mb4'Male',_utf8mb4'Female',_utf8mb4'Non-Binary')))
) ENGINE=InnoDB DEFAULT CHARSET=utf8mb4 COLLATE=utf8mb4_0900_ai_ci;
/*!40101 SET character_set_client = @saved_cs_client */;

--
-- Dumping data for table `Recruiters`
--

LOCK TABLES `Recruiters` WRITE;
/*!40000 ALTER TABLE `Recruiters` DISABLE KEYS */;
INSERT INTO `Recruiters` VALUES ('1','John Smith',35,'Male','He/Him','MBA in HR Management',10,1234567901,'john.smith@email.com','1234 Oak Lane','New York','New York','USA',10001),('10','Pat Johnson',40,'Male','He/Him','MBA in Human Resources',13,1234567910,'pat.johnson@email.com','5312 Elm Street','San Jose','California','USA',95101),('11','Alexis Taylor',29,'Female','She/Her','B.Sc. in Business Administration',5,1234567911,'alexis.taylor@email.com','1234 Oak Lane','Austin','Texas','USA',78701),('12','Sam Garcia',37,'Male','He/Him','M.Sc. in Marketing',8,1234567912,'sam.garcia@email.com','5678 Maple Drive','Seattle','Washington','USA',98101),('13','Taylor Wright',32,'Non-Binary','They/Them','Ph.D. in Psychology',9,1234567913,'taylor.wright@email.com','9876 Birch Avenue','Denver','Colorado','USA',80201),('14','Jordan Smith',28,'Female','She/Her','MBA in HR Management',6,1234567914,'jordan.smith@email.com','5432 Cedar Road','Nashville','Tennessee','USA',37201),('15','Chris Martin',34,'Male','He/Him','B.Tech in Computer Science',10,1234567915,'chris.martin@email.com','2468 Elm Street','Boston','Massachusetts','USA',2101),('16','Morgan Lee',27,'Non-Binary','They/Them','M.A. in Management',3,1234567916,'morgan.lee@email.com','1357 Oak Lane','Charlotte','North Carolina','USA',28201),('17','Jamie Johnson',41,'Female','She/Her','B.A. in Economics',15,1234567917,'jamie.johnson@email.com','8642 Maple Drive','Indianapolis','Indiana','USA',46201),('18','Pat Davis',30,'Non-Binary','They/Them','Ph.D. in Business Administration',5,1234567918,'pat.davis@email.com','7531 Birch Avenue','San Francisco','California','USA',94101),('19','Taylor Wilson',33,'Male','He/Him','M.Sc. in Human Resources',10,1234567919,'taylor.wilson@email.com','6423 Cedar Road','Jacksonville','Florida','USA',32201),('2','Emily Davis',28,'Female','She/Her','B.Sc. in Psychology',5,1234567902,'emily.davis@email.com','5678 Maple Drive','Los Angeles','California','USA',90001),('20','Alex Wright',39,'Non-Binary','They/Them','MBA in Marketing',12,1234567920,'alex.wright@email.com','5312 Elm Street','Columbus','Ohio','USA',43201),('3','Alex Johnson',42,'Non-Binary','They/Them','Ph.D. in Business Administration',15,1234567903,'alex.johnson@email.com','9876 Birch Avenue','Chicago','Illinois','USA',60601),('4','Sarah Brown',29,'Female','She/Her','M.Sc. in Human Resources',6,1234567904,'sarah.brown@email.com','5432 Cedar Road','Houston','Texas','USA',77001),('5','Chris Wilson',38,'Male','He/Him','B.Tech in Computer Science',17,1234567905,'chris.wilson@email.com','2468 Elm Street','Philadelphia','Pennsylvania','USA',19101),('6','Jordan Lee',26,'Non-Binary','They/Them','M.A. in Management',3,1234567906,'jordan.lee@email.com','1357 Oak Lane','Phoenix','Arizona','USA',85001),('7','Taylor Garcia',31,'Male','He/Him','M.Sc. in Marketing',8,1234567907,'taylor.garcia@email.com','8642 Maple Drive','San Antonio','Texas','USA',78201),('8','Morgan Wright',34,'Female','She/Her','B.A. in Economics',9,1234567908,'morgan.wright@email.com','7531 Birch Avenue','San Diego','California','USA',92101),('9','Jamie Martin',36,'Non-Binary','They/Them','Ph.D. in Psychology',10,1234567909,'jamie.martin@email.com','6423 Cedar Road','Dallas','Texas','USA',75201),('sunita','Manthan mom',54,NULL,NULL,NULL,14,1245345456,NULL,NULL,NULL,NULL,NULL,NULL),('vsmourya',NULL,NULL,NULL,NULL,NULL,NULL,NULL,NULL,NULL,NULL,NULL,NULL,NULL),('vsmourya1',NULL,NULL,NULL,NULL,NULL,NULL,NULL,NULL,NULL,NULL,NULL,NULL,NULL);
/*!40000 ALTER TABLE `Recruiters` ENABLE KEYS */;
UNLOCK TABLES;

--
-- Table structure for table `skills`
--

DROP TABLE IF EXISTS `skills`;
/*!40101 SET @saved_cs_client     = @@character_set_client */;
/*!50503 SET character_set_client = utf8mb4 */;
CREATE TABLE `skills` (
  `SkillID` int DEFAULT NULL,
  `SkillName` text,
  `Domain` text
) ENGINE=InnoDB DEFAULT CHARSET=utf8mb4 COLLATE=utf8mb4_0900_ai_ci;
/*!40101 SET character_set_client = @saved_cs_client */;

--
-- Dumping data for table `skills`
--

LOCK TABLES `skills` WRITE;
/*!40000 ALTER TABLE `skills` DISABLE KEYS */;
INSERT INTO `skills` VALUES (1,'JavaScript','Technology'),(2,'Python','Technology'),(3,'Java','Technology'),(4,'C#','Technology'),(5,'Ruby','Technology'),(6,'SQL','Technology'),(7,'NoSQL','Technology'),(8,'HTML5','Technology'),(9,'CSS3','Technology'),(10,'ReactJS','Technology'),(11,'NodeJS','Technology'),(12,'AngularJS','Technology'),(13,'VueJS','Technology'),(14,'Docker','Technology'),(15,'Kubernetes','Technology'),(16,'AWS','Technology'),(17,'Azure','Technology'),(18,'Machine Learning','Technology'),(19,'Data Analysis','Technology'),(20,'Git','Technology'),(21,'PHP','Technology'),(22,'Swift','Technology'),(23,'Kotlin','Technology'),(24,'TypeScript','Technology'),(25,'Flutter','Technology'),(26,'Objective-C','Technology'),(27,'Scala','Technology'),(28,'Go','Technology'),(29,'R','Technology'),(30,'Perl','Technology'),(31,'MATLAB','Technology'),(32,'Elixir','Technology'),(33,'Rust','Technology'),(34,'F#','Technology'),(35,'Clojure','Technology'),(36,'GraphQL','Technology'),(37,'TensorFlow','Technology'),(38,'Hadoop','Technology'),(39,'Unity','Technology'),(40,'Unreal Engine','Technology'),(41,'Project Management','Engineering & Construction'),(42,'Blueprint Reading','Engineering & Construction'),(43,'Carpentry','Engineering & Construction'),(44,'Electrical Skills','Engineering & Construction'),(45,'Plumbing','Engineering & Construction'),(46,'Masonry','Engineering & Construction'),(47,'Welding','Engineering & Construction'),(48,'HVAC Knowledge','Engineering & Construction'),(49,'Concrete Finishing','Engineering & Construction'),(50,'Heavy Equipment Operation','Engineering & Construction'),(51,'Landscaping','Engineering & Construction'),(52,'Roofing','Engineering & Construction'),(53,'Painting','Engineering & Construction'),(54,'Drywall Installation','Engineering & Construction'),(55,'Tile Setting','Engineering & Construction'),(56,'Cost Estimation','Engineering & Construction'),(57,'Safety Management','Engineering & Construction'),(58,'Building Codes Compliance','Engineering & Construction'),(59,'Surveying','Engineering & Construction'),(60,'Scaffolding','Engineering & Construction'),(61,'Geology','Materials'),(62,'Drilling Operations','Materials'),(63,'Blasting Techniques','Materials'),(64,'Mine Safety','Materials'),(65,'Environmental Compliance','Materials'),(66,'Mineral Processing','Materials'),(67,'Quality Control','Materials'),(68,'Maintenance Skills','Materials'),(69,'Hydraulic Systems','Materials'),(70,'Electrical Engineering','Materials'),(71,'Mechanical Engineering','Materials'),(72,'Mine Planning','Materials'),(73,'Risk Management','Materials'),(74,'CAD Software','Materials'),(75,'Supply Chain Management','Materials'),(76,'Laboratory Skills','Materials'),(77,'Logistics Management','Transportation'),(78,'Vehicle Maintenance','Transportation'),(79,'Driving Skills','Transportation'),(80,'Route Planning','Transportation'),(81,'GPS Navigation','Transportation'),(82,'Safety Compliance','Transportation'),(83,'Cargo Handling','Transportation'),(84,'Freight Brokerage','Transportation'),(85,'Warehouse Management','Transportation'),(86,'Inventory Control','Transportation'),(87,'Customer Service','Transportation'),(88,'Supply Chain Coordination','Transportation'),(89,'Regulatory Compliance','Transportation'),(90,'Transportation Software','Transportation'),(91,'Emergency Response','Transportation'),(92,'Air Traffic Control','Transportation'),(93,'Shipping Procedures','Transportation'),(94,'Fleet Management','Transportation'),(95,'Rail Operations','Transportation'),(96,'Maritime Knowledge','Transportation'),(97,'Fashion Design','Apparel'),(98,'Sewing','Apparel'),(99,'Pattern Making','Apparel'),(100,'Textile Knowledge','Apparel'),(101,'Trend Forecasting','Apparel'),(102,'Fashion Illustration','Apparel'),(103,'Brand Management','Apparel'),(104,'Visual Merchandising','Apparel'),(105,'Styling','Apparel'),(106,'Fashion Photography','Apparel'),(107,'Journalism','Media'),(108,'Editing','Media'),(109,'Broadcasting','Media'),(110,'Digital Media Production','Media'),(111,'Social Media Management','Media'),(112,'Photography','Media'),(113,'Videography','Media'),(114,'News Reporting','Media'),(115,'Media Research','Media'),(116,'Copywriting','Media'),(117,'Network Engineering','Telecommunications'),(118,'Telecom Project Management','Telecommunications'),(119,'Wireless Communication','Telecommunications'),(120,'Fiber Optics Technology','Telecommunications'),(121,'RF Engineering','Telecommunications'),(122,'IT Security','Telecommunications'),(123,'Network Architecture','Telecommunications'),(124,'Lean Manufacturing','Motor Vehicles & Parts'),(125,'Machine Operation','Motor Vehicles & Parts'),(126,'Process Improvement','Motor Vehicles & Parts'),(127,'CAD/CAM Software','Motor Vehicles & Parts'),(128,'Production Planning','Motor Vehicles & Parts'),(129,'Inventory Management','Motor Vehicles & Parts'),(130,'Event Planning','Hotels, Restaurants & Leisure'),(131,'Food and Beverage Management','Hotels, Restaurants & Leisure'),(132,'Housekeeping','Hotels, Restaurants & Leisure'),(133,'Hospitality Marketing','Hotels, Restaurants & Leisure'),(134,'Front Desk Operations','Hotels, Restaurants & Leisure'),(135,'Tourism Knowledge','Hotels, Restaurants & Leisure'),(136,'Revenue Management','Hotels, Restaurants & Leisure'),(137,'Culinary Skills','Hotels, Restaurants & Leisure'),(138,'Booking Systems','Hotels, Restaurants & Leisure'),(139,'Budget management','Chemicals'),(140,'Data recording','Chemicals'),(141,'General chemistry knowledge','Chemicals'),(142,'Problem-solving','Chemicals'),(143,'Lab equipment handling','Chemicals'),(144,'Teamwork','Chemicals'),(145,'Team leadership','Chemicals'),(146,'Communication','Chemicals'),(147,'Equipment maintenance','Chemicals'),(148,'Sample analysis','Chemicals'),(149,'Financial Analysis','Financials'),(150,'Accounting','Financials'),(151,'Tax Planning','Financials'),(152,'Investment Strategies','Financials'),(153,'Budget Management','Financials'),(154,'Financial Reporting','Financials'),(155,'Compliance','Financials'),(156,'Economic Forecasting','Financials'),(157,'Banking Operations','Financials'),(158,'Pharmacology Knowledge','Food & Drug Stores'),(159,'Clinical Trials Management','Food & Drug Stores'),(160,'Drug Development','Food & Drug Stores'),(161,'Quality Assurance','Food & Drug Stores'),(162,'Biotechnology','Food & Drug Stores'),(163,'Medical Writing','Food & Drug Stores'),(164,'Sales and Marketing','Food & Drug Stores'),(165,'Pharmaceutical Manufacturing','Food & Drug Stores'),(166,'Aerospace Engineering','Aerospace & Defense'),(167,'Flight Testing','Aerospace & Defense'),(168,'Systems Integration','Aerospace & Defense'),(169,'Avionics','Aerospace & Defense'),(170,'Aerodynamics','Aerospace & Defense'),(171,'Propulsion Systems','Aerospace & Defense'),(172,'Flight Simulation','Aerospace & Defense'),(173,'Time Management','Retailing'),(174,'Multitasking','Retailing'),(175,'Patience','Retailing'),(176,'Negotiation','Business Services'),(177,'Analytics','Business Services'),(178,'Strategic Planning','Business Services'),(179,'Emotional Intelligence','Business Services'),(180,'Interpersonal Skills','Business Services'),(181,'Participation','Household Products'),(182,'Volunteerism','Household Products'),(183,'Self-Advocatory','Household Products'),(184,'Emotional Wellbeing','Household Products'),(185,'Recreational Skills','Household Products'),(186,'Self-Care Skills','Household Products'),(187,'Household Safety','Household Products'),(188,'Working Menory','Household Products'),(189,'Attentional Control','Household Products'),(190,'Expressive','Household Products'),(191,'Patient Care','Health Care'),(192,'Medical Knowledge','Health Care'),(193,'Healthcare Administration','Health Care'),(194,'Clinical Skills','Health Care'),(195,'Medical Equipment Operation','Health Care'),(196,'Health Informatics','Health Care'),(197,'Patient Advocacy','Health Care'),(198,'Compliance with Healthcare Laws','Health Care'),(199,'Medical Research','Health Care'),(200,'Energy Project Management','Energy'),(201,'Sustainability and Awareness','Energy'),(202,'Innovation','Energy'),(203,'Risk Management in Energy','Energy'),(204,'Financial Acumen','Energy'),(205,'Negotiation and Stake holder Engagement','Energy'),(206,'Technical Proficiency','Energy'),(207,'Regulatory Knowledge','Energy'),(208,'Engineering Skills','Energy'),(209,'Food Safety','Food, Beverages & Tobacco'),(210,'Culinary Arts','Food, Beverages & Tobacco'),(211,'Nutrition Knowledge','Food, Beverages & Tobacco'),(212,'Food Processing','Food, Beverages & Tobacco'),(213,'Menu Planning','Food, Beverages & Tobacco'),(214,'Food and Beverage Service','Food, Beverages & Tobacco'),(215,'Food Science','Food, Beverages & Tobacco'),(216,'Sanitation Standards','Food, Beverages & Tobacco'),(217,'Petroleum Engineering','Energy'),(218,'Geoscience','Energy'),(219,'Pipeline Operations','Energy'),(220,'Reservoir Engineering','Energy'),(221,'Inventory Management in Wholesale','Wholesalers'),(222,'Supply Chain Coordination','Wholesalers'),(223,'Sales and Customer Relations','Wholesalers'),(224,'Logistics Planning','Wholesalers'),(225,'Cost cutting','Wholesalers'),(226,'Process Improvement in Industry','Industrials'),(227,'Equipment Maintenance in industry','Industrials'),(228,'Production Planning in industry','Industrials'),(229,'Health and Safety Compliance in industry','Industrials'),(230,'Supply Chain Management in industry','Industrials'),(231,'Quality Control in industry','Industrials'),(232,'Industrial Automation','Industrials'),(233,'Industrial Engineering','Industrials'),(234,'People Management','Industrials'),(235,'Structural Analysis','Engineering & Construction'),(236,'Quality Assurance and Control','Engineering & Construction'),(237,'Environmental Engineering','Engineering & Construction'),(238,'Geotechnical Engineering','Engineering & Construction'),(239,'Sustainability and Green Building','Engineering & Construction'),(240,'Building Information Modelling','Engineering & Construction'),(241,'Circuit Design','Engineering & Construction'),(242,'Embedded Systems','Engineering & Construction'),(243,'Power Systems','Engineering & Construction'),(244,'Control Systems','Engineering & Construction'),(245,'Signal Processing','Engineering & Construction'),(246,'Telecommunications','Engineering & Construction'),(247,'Microelectronics','Engineering & Construction'),(248,'Electromagnetism','Engineering & Construction'),(249,'Digital Electronics','Engineering & Construction'),(250,'Thermodynamics','Engineering & Construction'),(251,'Fluid Mechanics','Engineering & Construction'),(252,'Mechanical Design','Engineering & Construction'),(253,'Manufacturing Processes','Engineering & Construction'),(254,'Material Science','Engineering & Construction'),(255,'Stress Analysis','Engineering & Construction'),(256,'Heat Transfer','Engineering & Construction');
/*!40000 ALTER TABLE `skills` ENABLE KEYS */;
UNLOCK TABLES;

--
-- Table structure for table `Users`
--

DROP TABLE IF EXISTS `Users`;
/*!40101 SET @saved_cs_client     = @@character_set_client */;
/*!50503 SET character_set_client = utf8mb4 */;
CREATE TABLE `Users` (
  `UserID` varchar(20) NOT NULL,
  `UserPassword` varchar(20) NOT NULL,
  `UserType` varchar(20) NOT NULL,
  PRIMARY KEY (`UserID`),
  CONSTRAINT `UserType` CHECK ((`UserType` in (_utf8mb4'Candidate',_utf8mb4'Employer',_utf8mb4'Recruiter')))
) ENGINE=InnoDB DEFAULT CHARSET=utf8mb4 COLLATE=utf8mb4_0900_ai_ci;
/*!40101 SET character_set_client = @saved_cs_client */;

--
-- Dumping data for table `Users`
--

LOCK TABLES `Users` WRITE;
/*!40000 ALTER TABLE `Users` DISABLE KEYS */;
INSERT INTO `Users` VALUES ('akhil','123','Candidate'),('bhargav','123','Candidate'),('hemanth','123','Recruiter'),('kaashyap','123','Candidate'),('manthan','123','Candidate'),('mourya','123','Candidate'),('mourya123','123','Candidate'),('moye','123','Candidate'),('niyo123','123','Candidate'),('niyonika','123','Candidate'),('pratamesh','12345','Candidate'),('sai123','123','Candidate'),('saiteja','123','Candidate'),('sunita','123','Recruiter'),('ugma','12345','Candidate'),('user01','pass01','Candidate'),('user02','pass02','Employer'),('user03','pass03','Recruiter'),('user04','pass04','Candidate'),('user05','pass05','Employer'),('user06','pass06','Recruiter'),('user07','pass07','Candidate'),('user08','pass08','Employer'),('user09','pass09','Recruiter'),('user10','pass10','Candidate'),('user11','pass11','Employer'),('user12','pass12','Recruiter'),('user13','pass13','Candidate'),('user14','pass14','Employer'),('user15','pass15','Recruiter'),('user16','pass16','Candidate'),('user17','pass17','Employer'),('user18','pass18','Recruiter'),('user19','pass19','Candidate'),('user20','pass20','Employer'),('user21','pass21','Recruiter'),('user22','pass22','Candidate'),('user23','pass23','Employer'),('user24','pass24','Recruiter'),('user25','pass25','Candidate'),('user26','pass26','Employer'),('user27','pass27','Recruiter'),('user28','pass28','Candidate'),('user29','pass29','Employer'),('user30','pass30','Recruiter'),('user31','pass31','Candidate'),('user32','pass32','Employer'),('user33','pass33','Recruiter'),('user34','pass34','Candidate'),('user35','pass35','Employer'),('user36','pass36','Recruiter'),('user37','pass37','Candidate'),('user38','pass38','Employer'),('user39','pass39','Recruiter'),('user40','pass40','Candidate'),('user41','pass41','Employer'),('user42','pass42','Recruiter'),('user43','pass43','Candidate'),('user44','pass44','Employer'),('user45','pass45','Recruiter'),('user46','pass46','Candidate'),('user47','pass47','Employer'),('user48','pass48','Recruiter'),('user49','pass49','Candidate'),('user50','pass50','Employer'),('Vikyath','123','Candidate'),('vinay','123','Candidate'),('vsmourya','123','Recruiter'),('vsmourya1','123','Recruiter');
/*!40000 ALTER TABLE `Users` ENABLE KEYS */;
UNLOCK TABLES;
/*!40103 SET TIME_ZONE=@OLD_TIME_ZONE */;

/*!40101 SET SQL_MODE=@OLD_SQL_MODE */;
/*!40014 SET FOREIGN_KEY_CHECKS=@OLD_FOREIGN_KEY_CHECKS */;
/*!40014 SET UNIQUE_CHECKS=@OLD_UNIQUE_CHECKS */;
/*!40101 SET CHARACTER_SET_CLIENT=@OLD_CHARACTER_SET_CLIENT */;
/*!40101 SET CHARACTER_SET_RESULTS=@OLD_CHARACTER_SET_RESULTS */;
/*!40101 SET COLLATION_CONNECTION=@OLD_COLLATION_CONNECTION */;
/*!40111 SET SQL_NOTES=@OLD_SQL_NOTES */;

-- Dump completed on 2023-12-09 18:52:50
